{
    "山西省":{"大同市":["大同城区","矿区","南郊区","新荣区","阳高县","天镇县","广灵县","灵丘县","浑源县","左云县","大同县"],"晋城市":["高平县","泽州县","沁水县"],"长治市":["长子县"]},
    "河北省":{"保定市":["雄县"],"唐山市":["路南区","路北区","古冶区","开平区","新区","丰润县","滦县","滦南县","乐亭县","迁西县","玉田县","唐海县","遵化市","丰南区","迁安市"]},
    "北京市":{"朝阳区":["国贸"]}

}